datatype,length,time_s_CLX,time_s_SPR,time_s_V100,time_s_H200,speedup_H200vsSPR,speedup_V100vsSPR,speedup_H200vsCLX,speedup_V100vsCLX,speedup_SPRvsCLX,speedup_H200vsV100,energy_Wh_CLX,energy_Wh_SPR,energy_Wh_V100,energy_Wh_H200,energy_ratio_SPRoverH200,energy_ratio_SPRoverV100,energy_ratio_CLXoverH200,energy_ratio_CLXoverV100,energy_ratio_CLXoverSPR,logL_CLX,logL_SPR,logL_V100,logL_H200,logL_absdiff_SPRvsH200,logL_absdiff_SPRvsV100,logL_absdiff_CLXvsH200,logL_absdiff_CLXvsV100
AA,10000,430.0,252.0,607.0,400.0,0.63,0.41515650741350907,1.075,0.7084019769357496,1.7063492063492063,1.5175,46.4,43.7,51.4,54.0,0.8092592592592593,0.850194552529183,0.8592592592592593,0.9027237354085603,1.0617848970251715,-807350.0314,-807350.0314,-807350.0314,-807350.0314,0.0,0.0,0.0,0.0
AA,100000,3408.0,1115.0,2733.0,1372.0,0.8126822157434402,0.4079765825100622,2.4839650145772594,1.2469813391877058,3.0565022421524666,1.9919825072886297,393.0,205.0,261.0,278.0,0.737410071942446,0.7854406130268199,1.4136690647482015,1.5057471264367817,1.9170731707317072,-7541976.8604,-7541976.8604,-7541976.8604,-7541976.8604,0.0,0.0,0.0,0.0
AA,1000000,,19792.0,,12269.0,1.6131714076126824,,,,,,,3530.0,,2100.0,1.680952380952381,,,,,,-78605196.5732,,-78605196.5732,0.0,,,
DNA,10000,229.0,131.0,417.0,289.0,0.4532871972318339,0.31414868105515587,0.7923875432525952,0.5491606714628298,1.748091603053435,1.4429065743944636,22.6,23.0,33.3,38.5,0.5974025974025974,0.6906906906906908,0.5870129870129871,0.6786786786786788,0.982608695652174,-564208.7763,-564208.7763,-564208.7759,-564208.7757,0.0006000000284984708,0.0004000000189989805,0.0006000000284984708,0.0004000000189989805
DNA,100000,656.0,300.0,1038.0,561.0,0.5347593582887701,0.28901734104046245,1.1693404634581106,0.6319845857418112,2.1866666666666665,1.8502673796791445,68.8,51.0,76.6,96.8,0.5268595041322314,0.6657963446475196,0.7107438016528925,0.8981723237597912,1.3490196078431371,-5692984.5391,-5692984.5391,-5692984.5286,-5692984.5266,0.01249999925494194,0.010499999858438969,0.01249999925494194,0.010499999858438969
DNA,1000000,14439.0,4361.0,,2817.0,1.5481008164714234,,5.125665601703941,,3.310937858289383,,1500.0,773.0,,476.0,1.6239495798319328,,3.1512605042016806,,1.9404915912031049,-59208019.2121,-59208019.2121,,-59208019.2451,0.032999999821186066,,0.032999999821186066,
