sm,pct,model,mf_wall_s,ts_wall_s,wall_s,cpu_s,best_logL,mf_cpu_J,mf_gpu_J,ts_cpu_J,ts_gpu_J,cpu_J,gpu_J,gpu_mem_peak_MB,measured_W,total_J,gpu_W,cpu_W,gpu_Wh,cpu_Wh,total_Wh,speedup,ts_speedup,mf_speedup,ideal,efficiency,edp_Js
8,6.0606,LG+G4,2213.05,7953.927,10216.239,10203.237,-7541976.86,573821.547,326261.087,2062987.854,1158962.117,2649984.26,1492607.113,13020.75,146.1393846895412,4142591.3729999997,146.10142861771342,259.38941522413484,414.61308694444443,736.1067388888888,1150.7198258333333,1.0,1.0,1.0,1.0,1.0,15248830999.508005
16,12.1212,LG+G4,1332.628,4738.993,6102.093,6092.448,-7541976.86,325900.093,222807.323,1360835.217,780843.463,1694941.407,1008822.819,13040.75,165.34107977038798,2703764.226,165.32406487413417,277.7639421424747,280.22856083333335,470.8170575,751.0456183333333,1.6742188295065317,1.6784002424143694,1.6606659923099323,2.0,0.8371094147532658,6155930662.060167
33,25.0,LG+G4,651.205,2262.789,2929.449,2919.906,-7541976.86,170947.158,135136.229,572566.022,461973.068,747807.844,600313.564,13106.75,204.88202173987588,1348121.408,204.92371227490221,255.27252531107388,166.75376777777777,207.72440111111112,374.4781688888889,3.4874268164422726,3.5150988448326377,3.3983922113620135,4.125,0.8454368039860055,1758587969.746236
66,50.0,LG+G4,378.832,1266.39,1655.078,1645.604,-7541976.86,121827.838,96869.963,337029.633,322649.06,462351.841,421916.469,13236.75,254.71240308196323,884268.31,254.9224078865165,279.35350539370353,117.19901916666666,128.43106694444444,245.63008611111113,6.172663161494503,6.280787908938004,5.8417715504498045,8.25,0.7482015953326671,698304665.679582
132,100.0,LG+G4,251.856,808.696,1067.44,1058.27,-7541976.86,66145.608,79188.881,213185.216,258458.827,281497.239,339676.937,13478.75,317.6491971764706,621174.176,318.21642153188935,263.71247002173425,94.35470472222221,78.1936775,172.54838222222222,9.57078524319868,9.83549689871101,8.786965567625947,16.5,0.5800475904968897,362584749.63128
