datatype,length,speedup_A100vsSPR,energy_ratio_SPRoverA100,logL_absdiff_SPRvsA100,speedup_V100vsSPR,energy_ratio_SPRoverV100,logL_absdiff_SPRvsV100,speedup_H200vsSPR,energy_ratio_SPRoverH200,logL_absdiff_SPRvsH200,speedup_A100vsCLX,energy_ratio_CLXoverA100,logL_absdiff_CLXvsA100,speedup_V100vsCLX,energy_ratio_CLXoverV100,logL_absdiff_CLXvsV100,speedup_H200vsCLX,energy_ratio_CLXoverH200,logL_absdiff_CLXvsH200,speedup_SPRvsCLX,energy_ratio_CLXoverSPR
AA,100000,0.46775071762261694,0.587038185016393,0.0020000003278255463,0.39770152879359966,0.6575316847091899,0.0,0.7711511516978092,0.9132019668198745,0.0,1.3714303903473675,1.1603322434863679,0.0020000003278255463,1.1660483721912707,1.2996688023977176,0.0,2.2609909191908675,1.8050234447469184,0.0,2.9319685436674043,1.9765873381029986
AA,1000000,1.227511947576173,1.3964992202193727,0.0,0.7739658115771825,1.3545775326729852,0.0,2.0640407361666733,2.024306895189034,0.0,2.6846036322945706,1.8904707547003223,0.0,1.6926852998332893,1.8337204728908696,0.0,4.514115946861818,2.7403473832888516,0.0,2.187028515360318,1.3537213106380057
AA,10000000,,,,,,,1.5940263952682885,1.3832982342559617,0.0,,,,,,,,,,,
DNA,100000,0.1598875685796444,0.22814880217501324,0.009999999776482582,0.146897491166631,0.36690880997562364,0.009999999776482582,0.2733364409742454,0.436294511017472,0.012000000104308128,0.33562642229268747,0.3063004436614821,0.009999999776482582,0.30835842862585655,0.4925922477236142,0.009999999776482582,0.5737715107019383,0.5857457984338126,0.012000000104308128,2.0991401975413915,1.3425467972718905
DNA,1000000,1.0442015091363437,1.2517570561617997,0.03600000590085983,0.6052676613805942,1.2023840336484406,0.032999999821186066,1.7384673953991843,1.8962225522504803,0.032999999821186066,3.468303927653161,2.338822216864384,0.03600000590085983,2.0103899380341295,2.246572110184687,0.032999999821186066,5.774300499284819,3.542961800368281,0.032999999821186066,3.3214890969864483,1.868431422336694
DNA,10000000,,,,,,,2.91785175470129,2.3976067729484165,5.26800000667572,,,,,,,,,,,
