length,wall_current_s,wall_cum_s,wall_s,resumed,energy_scale,cpu_time_s,tree_wall_s,mf_wall_s,best_logL,cpu_J_segment,cpu_J,energy_Wh,avg_power_W,mf_ram_MB,host_GB,host_hit,mem_arg,complete,file
100000,903.729,,903.729,False,1.0,89022.498,527.304,373.032,-7541976.86,628246.889,628246.889,174.5130247222222,695.1717705197021,14837,503,False,,True,output_benchmark_ninit_1_AA_LG+I+G4_OMP_104_taxa100_run1_tree_1_100000_iqtree3_AA_INTEL_VANILA_OMP104_LG-I-G4_100taxa_100000len_ninit1_aa.log
1000000,18247.148,,18247.148,False,1.0,1724588.403,11711.482,6475.761,-78605196.573,12643290.92,12643290.92,3512.0252555555558,692.8913449926531,146223,503,False,,True,output_benchmark_ninit_1_AA_LG+I+G4_OMP_104_taxa100_run1_tree_1_1000000_iqtree3_AA_INTEL_VANILA_OMP104_LG-I-G4_100taxa_1000000len_ninit1_aa.log
2500000,45083.029,,45083.029,False,1.0,4028791.068,28383.813,16553.701,-211498286.378,30898963.817,30898963.817,8583.045504722222,685.3790550985383,366743,503,False,,True,output_benchmark_ninit_1_AA_LG+I+G4_OMP_104_taxa100_run1_tree_1_2500000_iqtree3_AA_INTEL_VANILA_OMP104_LG-I-G4_100taxa_2500000len_ninit1_aa.log
3125000,58605.632,,58605.632,False,1.0,5151783.179,34598.512,23826.749,-264387360.7,40022254.226,40022254.226,11117.292840555556,682.9079878534542,457635,503,False,,True,output_benchmark_ninit_1_AA_LG+I+G4_OMP_104_taxa100_run1_tree_1_3125000_iqtree3_AA_INTEL_VANILA_OMP104_LG-I-G4_100taxa_3125000len_ninit1_aa.log
3750000,,,,False,1.0,,,,,,,,,548572,503,True,,False,output_benchmark_ninit_1_AA_LG+I+G4_OMP_104_taxa100_run1_tree_1_3750000_iqtree3_AA_INTEL_VANILA_OMP104_LG-I-G4_100taxa_3750000len_ninit1_aa.log
5000000,,,,False,1.0,,,,,,,,,729761,503,True,,False,output_benchmark_ninit_1_AA_LG+I+G4_OMP_104_taxa100_run1_tree_1_5000000_iqtree3_AA_INTEL_VANILA_OMP104_LG-I-G4_100taxa_5000000len_ninit1_aa.log
10000000,46983.842,219981.499,219981.499,True,4.682067060416218,4284426.069,46692.936,95887.924,-782587990.703,32455287.66,151957833.28921896,42210.50924700527,690.7755151228374,300149,503,False,300G,True,output_benchmark_ninit_1_AA_LG+I+G4_OMP_104_taxa100_run1_tree_1_10000000_iqtree3_AA_INTEL_VANILA_OMP104_LG-I-G4_100taxa_10000000len_ninit1_aa.log
